month,kind,alerts
2025-07-01,Priority (Tier A/B),2
2025-07-01,Watchlist,8
2025-08-01,Priority (Tier A/B),3
2025-08-01,Watchlist,9
2025-09-01,Priority (Tier A/B),5
2025-09-01,Watchlist,3
2025-10-01,Priority (Tier A/B),4
2025-10-01,Watchlist,7
2025-11-01,Priority (Tier A/B),4
2025-11-01,Watchlist,8
2025-12-01,Priority (Tier A/B),1
2025-12-01,Watchlist,7
2026-01-01,Priority (Tier A/B),3
2026-01-01,Watchlist,16
2026-02-01,Priority (Tier A/B),4
2026-02-01,Watchlist,6
2026-03-01,Priority (Tier A/B),1
2026-03-01,Watchlist,9
2026-04-01,Priority (Tier A/B),2
2026-04-01,Watchlist,7
2026-05-01,Watchlist,8
2026-06-01,Priority (Tier A/B),3
2026-06-01,Watchlist,11
